id;country;name;email;order_amount;date;cvv;siret
1;Tajikistan;Jarrod Oconnor;habitant@idantedictum.com;5228;21.12.2010;703;915548044-00006
2;Cambodia;Alyssa Dixon;amet.orci@montes.net;9052;06.04.2013;637;778987859-00007
3;Nauru;Shelby Mcmillan;interdum.Nunc@ligulaNullamfeugiat.net;8646;23.04.2011;429;801975442-00006
4;Botswana;Jena Nichols;scelerisque.lorem@cursus.org;8167;26.09.2010;143;656444031-00008
5;Slovakia;Alfonso Hopper;neque.sed.dictum@utipsumac.edu;2001;01.10.2015;198;240788042-00002
6;Wallis and Futuna;Lunea Mays;bibendum.ullamcorper.Duis@in.edu;6669;08.02.2016;449;457414449-00001
7;Tajikistan;Stone Keith;odio@mipedenonummy.net;5413;27.05.2002;656;476756234-00003
8;Mozambique;Oliver Langley;sociis.natoque.penatibus@Maurisvelturpis.org;6406;20.08.2004;975;782747265-00000
9;Azerbaijan;Illana Estes;gravida.molestie@Aliquamrutrumlorem.co.uk;3628;25.09.2011;729;193328366-00003
10;Kiribati;Hamilton Spears;odio.vel.est@ornarelectusjusto.com;1154;06.07.2009;402;861712008-00007
11;Lebanon;Malik Beck;ultrices@Phasellusliberomauris.com;8855;11.11.2018;384;088848304-00007
12;Greenland;Rahim Andrews;nisi.Aenean.eget@Inmipede.co.uk;2447;19.08.2002;500;335761342-00005
13;Curaçao;Fletcher Mcgee;convallis.erat.eget@enimCurabitur.co.uk;5841;14.08.2013;951;623140118-00000
14;Greenland;Yoshi Hardy;diam.Pellentesque.habitant@Fusce.edu;6700;14.04.2002;487;167741321-00001
15;Bolivia;Jolene Chan;condimentum.Donec@liberoat.com;3192;06.01.2010;292;369237441-00000
16;Wallis and Futuna;Jin Perkins;Cras@nuncsedpede.ca;5979;20.04.2016;309;228808499-00005
17;Chad;Kibo Rojas;felis.ullamcorper.viverra@dis.edu;9649;31.10.2009;562;328361811-00008
18;Estonia;Aaron Langley;diam.Sed@dapibus.org;2681;08.11.2017;690;331609057-00004
19;Turks and Caicos Islands;Neville Talley;arcu.et@utodiovel.com;9679;20.10.2008;471;327711404-00001
20;Canada;April Hutchinson;vitae.sodales.nisi@diamlorem.org;1139;10.03.2015;250;605766450-00007
21;Cocos (Keeling) Islands;Kaye Reese;Donec.egestas.Duis@euaccumsan.com;2547;02.10.2002;841;288520497-00000
22;Gabon;Sydnee Ware;augue@tristique.co.uk;2625;23.02.2021;165;366121655-00000
23;Tunisia;Ulysses Keith;Ut@Vivamus.net;5976;30.09.2001;896;209419621-00005
24;South Georgia and The South Sandwich Islands;Allistair Turner;sagittis.Duis.gravida@velitPellentesqueultricies.com;1685;16.11.2001;372;703165407-00007
25;Syria;Hamish Velazquez;sagittis@aliquetnec.edu;5244;13.07.2000;783;551991839-00004
26;Armenia;Kellie Gibbs;urna.Ut.tincidunt@dolor.com;568;01.09.2011;438;980043038-00002
27;Angola;Clare Abbott;vitae.sodales@semmolestiesodales.edu;8009;11.11.2003;989;283358745-00000
28;Ghana;Mary Emerson;montes.nascetur@sagittis.co.uk;2540;09.10.2002;854;909777914-00005
29;Saint Barthélemy;Melinda Whitehead;Integer.id.magna@vel.com;713;07.03.2003;342;915140644-00005
30;Ecuador;Harlan Walls;eu.odio@convallis.edu;663;29.06.2009;637;427880679-00001
31;Puerto Rico;Macy Blevins;ultricies.dignissim.lacus@malesuadamalesuadaInteger.edu;8406;03.02.2003;928;205338023-00000
32;Svalbard and Jan Mayen Islands;Robin Wyatt;vitae@non.com;9554;24.08.2000;935;964055735-00002
33;Nicaragua;Steel Collins;arcu.ac@velturpisAliquam.edu;3664;22.10.2007;275;049639032-00009
34;Canada;Gareth Sloan;pede@erat.edu;6442;01.08.2011;358;176223899-00004
35;Cambodia;Jarrod Chase;gravida.non@nec.net;8267;02.12.2013;967;149021537-00001
36;Virgin Islands, United States;Reece Stone;sodales@arcuac.com;3035;06.10.2014;362;862671476-00003
37;Senegal;Quyn Bernard;lorem.ipsum.sodales@utodiovel.co.uk;6901;06.02.2005;696;241363845-00009
38;Jordan;Robert Lindsay;iaculis@liberoProinsed.ca;3653;21.06.2006;624;677745804-00000
39;Panama;Karly Huber;ipsum@urna.ca;8486;29.11.2004;337;305242257-00007
40;Cayman Islands;Fletcher Wooten;commodo.hendrerit.Donec@ornareIn.org;7028;07.05.2011;426;898305867-00001
41;Djibouti;Dane Farmer;mi@Suspendissealiquet.co.uk;1130;31.03.2020;915;258190024-00004
42;Switzerland;Chase Flowers;pede.Cras.vulputate@adui.ca;2352;23.03.2020;611;930048293-00003
43;Palau;Quentin England;Aliquam@Sedet.org;4056;18.06.2018;815;130729064-00001
44;Chad;Aaron Hammond;Sed.dictum@orci.co.uk;8234;13.04.2020;866;321963811-00005
45;Libya;Lucas Craft;dui@malesuadaut.net;6721;23.09.2010;987;211420468-00004
46;Moldova;Rudyard Collins;arcu.ac@cursusnon.com;941;27.07.2003;997;640966503-00008
47;Suriname;Kai Mitchell;eget.magna.Suspendisse@vestibulum.co.uk;9730;21.12.2006;175;630837912-00009
48;Tanzania;Chester Allison;at.pretium.aliquet@sagittislobortismauris.com;8567;31.08.2010;550;716551593-00008
49;Cocos (Keeling) Islands;Rina Daniels;dapibus.rutrum.justo@feugiat.co.uk;2617;18.03.2019;687;487405854-00000
50;Cambodia;Gage Campbell;eget.laoreet.posuere@lectusCumsociis.ca;3733;09.07.2018;536;238262562-00008
51;Burundi;Kellie Dorsey;natoque@ipsumdolorsit.co.uk;2401;23.07.2008;690;924278443-00008
52;Sierra Leone;Bradley Armstrong;sit@Aliquam.ca;6316;13.11.2005;528;741870745-00006
53;Timor-Leste;Jana Finley;ligula.Nullam.enim@magnaPhasellus.co.uk;171;20.05.2013;590;767118045-00008
54;Isle of Man;Silas Everett;In@eget.com;4117;19.12.2004;587;227910411-00007
55;Azerbaijan;Aiko Barr;libero.Proin.sed@Classaptenttaciti.ca;6870;25.04.2004;789;572038453-00005
56;Iraq;Ian Smith;dignissim.pharetra@mattis.ca;7609;24.07.2014;373;297950297-00004
57;Monaco;Kaitlin Hayes;enim@Aenean.net;5462;15.08.2014;914;573590551-00004
58;Brazil;Paula Hester;ultrices.mauris@vestibulummassa.com;2342;27.03.2006;779;400112280-00005
59;Saudi Arabia;Hunter Gonzalez;nunc@nunc.com;9135;24.03.2018;228;174991687-00008
60;Congo (Brazzaville);Graiden Powell;malesuada.fames.ac@eudoloregestas.edu;7740;24.07.2015;257;022875728-00002
61;Suriname;Urielle Graham;libero.et.tristique@gravida.net;5340;04.12.2015;416;796760957-00004
62;Antarctica;Cody Kent;lacinia@sagittis.edu;2850;18.01.2003;157;091105270-00002
63;Senegal;Dominic Acevedo;lorem.vitae.odio@tortor.org;1555;30.07.2001;193;037224722-00001
64;Switzerland;Wesley Washington;ante.ipsum@augueeu.co.uk;7950;04.01.2008;581;290646637-00006
65;Canada;Hoyt Emerson;interdum@tristiquealiquet.com;4963;17.08.2012;404;926409186-00000
66;Afghanistan;Abbot Logan;erat@ipsum.net;1402;05.11.2016;160;688539691-00008
67;Laos;Malik Conrad;Curae.Phasellus.ornare@turpisAliquam.co.uk;1396;01.09.2016;832;521666909-00002
68;El Salvador;Galena Mcmahon;ante@Integeraliquamadipiscing.edu;6817;13.07.2013;989;249879198-00003
69;Finland;Gabriel Dickson;vitae.nibh@Nuncpulvinararcu.com;9419;02.06.2021;674;476386313-00003
70;South Africa;Maxwell Woodward;sit@eros.com;8840;09.01.2018;170;024350084-00000
71;Niue;Keefe Lott;Phasellus@sapienimperdiet.ca;5953;10.10.2011;416;328769203-00006
72;Albania;Omar Murray;mattis@at.com;1497;13.05.2002;589;877579144-00008
73;Micronesia;Avram Gordon;pede@ametnullaDonec.org;7002;03.09.2001;670;617553854-00002
74;Antarctica;Yoshi Buckley;id@elitpellentesquea.net;5804;26.09.2019;231;454815598-00007
75;Bonaire, Sint Eustatius and Saba;Rafael Stokes;eu.tempor.erat@ornareplacerat.com;1257;06.03.2007;456;469651236-00009
76;Reunion;Jamal Frost;Sed.malesuada@ac.org;2003;27.09.2013;658;854882073-00000
77;Iran;Troy Charles;Integer.urna@nislarcuiaculis.com;8809;07.09.2015;229;213152457-00007
78;Czech Republic;Cynthia Roberts;Fusce@vulputateeuodio.co.uk;5409;12.07.2008;521;057201618-00006
79;United Arab Emirates;Blossom Ross;cursus@pede.net;1026;22.12.2017;209;058356395-00002
80;Åland Islands;Mohammad Turner;eu@mauris.org;389;12.01.2001;806;355846882-00007
81;Uganda;Ahmed Mcbride;tincidunt.nunc.ac@duinec.org;3982;17.03.2007;946;320922727-00005
82;Gibraltar;Paul Williams;Cras.interdum.Nunc@risusDuisa.com;6506;08.01.2002;788;143827699-00008
83;Antarctica;Marny Frank;odio.auctor.vitae@convallis.ca;2831;27.08.2003;334;008797995-00001
84;Saint Kitts and Nevis;Seth Pacheco;Nullam@parturient.net;5003;11.04.2008;537;022551055-00001
85;Guadeloupe;Adrian Burnett;Duis@aliquameuaccumsan.co.uk;3181;24.01.2015;375;524038478-00003
86;Hungary;Zachary Sharp;non.lacinia.at@tempusnon.net;1550;07.04.2007;124;066287368-00006
87;French Southern Territories;Chelsea Mcpherson;quis.pede@nonlaciniaat.net;1691;19.08.2001;799;936852409-00007
88;Denmark;Berk England;Donec.consectetuer.mauris@quistristique.ca;5080;13.11.2003;290;662299627-00007
89;Tanzania;Nathaniel Lang;vulputate.dui@netuset.net;5070;14.04.2004;793;333830313-00008
90;Cuba;Yael Boyd;libero@litora.org;6512;03.01.2006;917;823063615-00004
91;Central African Republic;Dawn Terrell;diam.Duis.mi@auctornon.org;681;19.09.2000;437;147573307-00005
92;Comoros;Zeph Cooley;molestie.in.tempus@vulputate.co.uk;2292;15.08.2011;210;308775808-00006
93;Thailand;Darrel Velasquez;ornare.lectus.justo@inceptos.edu;6348;01.03.2011;963;117798272-00003
94;Korea, North;Ava Mcleod;Curae.Phasellus@lacinia.edu;5611;05.11.2017;519;014536338-00008
95;Austria;Brandon Buckley;bibendum@temporlorem.com;4716;07.04.2003;680;763268182-00006
96;Vanuatu;Sloane Saunders;Curae.Phasellus@iaculisquispede.com;5977;20.11.2019;367;239695018-00006
97;Turks and Caicos Islands;Bruce Goodman;risus.Donec@in.org;1033;31.01.2013;569;707716239-00009
98;Marshall Islands;Shay Bullock;sit.amet.ultricies@tortor.org;4519;27.11.2003;512;013450929-00008
99;Iraq;Colby Harrell;arcu.iaculis@Naminterdumenim.co.uk;7102;02.02.2009;357;911951242-00005
100;Gabon;Lisandra Diaz;vestibulum@ornare.edu;6548;04.08.2005;243;033091026-00006
101;Slovakia;Alfonso Hopper;neque.sed.dictum@utipsumac.edu;2001;01.10.2015;198;240788042-00002
102;Albania;Omar Murray;mattis@at.com;1497;13.05.2002;589;877579144-00008